序号,标题,链接,作者,发布时间,文章类型
1,2026 年普通人学习AI 的方法指南！,https://zhuanlan.zhihu.com/p/1994420537296909470,AI技能研究所,2026-01-23,学习指南
2,AI已经彻底变了！2026年全球最强AI工具汇总 优势以及费用,https://zhuanlan.zhihu.com/p/1995604652704698993,iThinkAi,2026-01-16,工具评测
3,2026年学术与科研十大热门研究课题、计算特点及设备配置探讨,https://zhuanlan.zhihu.com/p/1991828074153676948,UltraLAB,2026-01-09,科研趋势
4,开年的AI狂欢，是利好还是隐忧？,https://zhuanlan.zhihu.com/p/1997296999876280695,脑极体,2026-01-21,行业分析
5,代理式AI 怎么选？2026 商业决策智能体性价比榜,https://zhuanlan.zhihu.com/p/1996620860610606810,微伴助手,2026-01-19,商业应用
6,当下国内流行的10个AI软件，您常用哪个？,https://www.zhihu.com/tardis/bd/ans/63026227895,未知作者,2024-12-24,工具推荐
7,大模型思维链（Chain-of-Thought）技术原理,https://www.zhihu.com/tardis/bd/art/629087587,未知作者,2025-01-22,技术原理
8,想入门人工智能生成内容(AIGC)科研，需要掌握哪些基础知识,https://www.zhihu.com/question/13362447858/answer/1976347527558226557,302 AI,2025-12-?,学习资源
9,如何评价华为Mate 80 系列首发搭载 A2A 系统级 AI 能力，对行业来说有何意义？,https://www.zhihu.com/question/1976610994328445009/answer/1976672238402037493,岛叔,2025-11-25,产品评测
10,一文了解Transformer全貌（图解Transformer）,https://www.zhihu.com/tardis/zm/art/600773858,绝密伏击,2025-01-22,技术原理
